,SPACY,wrong_spacy,,TAGGER,wrong_tagger,,TRANS,,,,,
word,pos,,word,pos,,word,pos,,,,,
I,ADP,,I,præp,,I,PROPN,,wrong spacy = ,28,6.588235294,%
Cassel,PROPN,,Cassel,NNP,,Cassel,PROPN,,wrong tagger =,51,12,%
levede,VERB,,levede,v,,levede,VERB,,,,,
",",PUNCT,,",",ZD,,",",PUNCT,,,,,
under,ADP,,under,præp,,under,ADV,,,,,
den,PRON,,den,pron,,den,DET,,,,,
",",PUNCT,,",",ZD,,,,,,,,
hældigviis,NOUN,1,hældigviis,v,1,hældigviis,ADJ,,,,,
kun,ADV,,kun,adv,,kun,PROPN,,,,,
kort,ADJ,,kort,adv,,kort,ADJ,,,,,
vedvarende,ADJ,,vedvarende,adj,,vedvarende,ADJ,,,,,
Kong,PROPN,,Kong,sb,,Kong,PROPN,,,,,
Jeronimus's,PROPN,,Jeronimus's,NNP,,Jeronimus's,PROPN,,,,,
regjering,NOUN,,regjering,NN,,regjering,PROPN,,,,,
",",PUNCT,,",",ZD,,,,,,,,
en,DET,,en,pron,,en,PROPN,,,,,
enke,NOUN,,enke,NN,,enke,PROPN,,,,,
og,CCONJ,,og,konj,,og,CCONJ,,,,,
hendes,DET,1,hendes,pron,,hendes,DET,,,,,
datter,NOUN,,datter,NN,,datter,NOUN,,,,,
i,ADP,,i,præp,,i,PUNCT,,,,,
dyb,ADJ,,dyb,adj,,dyb,PROPN,,,,,
indgetogenhed,NOUN,,indgetogenhed,NN,,indgetogenhed,ADJ,,,,,
.,PUNCT,,.,ZP,,.,PUNCT,,,,,
De,PRON,,De,pron,,De,PROPN,,,,,
ernærede,VERB,,ernærede,v,,ernærede,VERB,,,,,
sig,PRON,,sig,pron,,sig,PROPN,,,,,
af,ADP,,af,præp,,af,PROPN,,,,,
renterne,NOUN,,renterne,sb,,renterne,PROPN,,,,,
af,ADP,,af,præp,,,,,,,,
en,DET,,en,pron,1,,,,,,,
lille,ADJ,,lille,adj,,lille,ADJ,,,,,
capital,NOUN,,capital,sb,,capital,PROPN,,,,,
.,PUNCT,,.,ZP,,,,,,,,
Deres,DET,,Deres,pron,,Deres,PROPN,,,,,
rygte,NOUN,,rygte,NN,,rygte,NOUN,,,,,
var,AUX,,var,v,,var,VERB,,,,,
ubeskaaret,VERB,1,ubeskaaret,sb,1,ubeskaaret,ADJ,,,,,
.,PUNCT,,.,ZP,,,,,,,,
Vel,ADV,,Vel,adv,,Vel,PROPN,,,,,
heed,NOUN,1,heed,NN,1,heed,NOUN,,,,,
det,PRON,,det,pron,,det,PRON,,,,,
om,ADP,,om,præp,,om,NOUN,,,,,
dem,PRON,,dem,pron,,dem,PROPN,,,,,
begge,PRON,,begge,pron,,begge,NOUN,,,,,
",",PUNCT,,",",ZD,,,,,,,,
at,SCONJ,,at,konj,,at,PROPN,,,,,
de,PRON,,de,pron,,de,PROPN,,,,,
ikke,ADV,,ikke,adv,,ikke,PART,,,,,
vare,VERB,,vare,v,,vare,NOUN,,,,,
de,DET,,de,pron,,franske,ADJ,,,,,
franske,ADJ,,franske,adj,,som,PROPN,,,,,
",",PUNCT,,",",ZD,,gang,PROPN,,,,,
som,ADP,,som,pron,,stor,ADJ,,,,,
den,DET,,den,pron,,mængde,NOUN,,,,,
gang,NOUN,,gang,NN,,opholdt,VERB,,,,,
i,ADP,,i,præp,,meget,ADV,,,,,
stor,ADJ,,stor,adj,,hengivne;,ADJ,,,,,
mængde,NOUN,,mængde,sb,,men,NOUN,,,,,
opholdt,VERB,,opholdt,v,,da,ADP,,,,,
sig,PRON,,sig,pron,,saa,INTJ,,,,,
i,ADP,,i,præp,,indgetogen,NOUN,,,,,
Cassel,PROPN,,Cassel,NNP,,kunde,NOUN,,,,,
meget,ADV,,meget,adv,,man,NOUN,,,,,
hengivne,ADJ,,hengivne;,NN,1,intet,PROPN,,,,,
men,CCONJ,,men,konj,,gjøre,VERB,,,,,
da,SCONJ,,da,konj,,En,PROPN,,,,,
de,PRON,,de,pron,,tjener,VERB,,,,,
levede,VERB,,levede,v,,hemmelige,ADJ,,,,,
saa,NOUN,1,saa,adv,,politie,PROPN,,,,,
indgetogen,NOUN,1,indgetogen,NN,1,seer,VERB,,,,,
kunde,NOUN,1,kunde,v,,engang,ADV,,,,,
man,PRON,,man,pron,,tilfældigviis,ADJ,,,,,
intet,PRON,,intet,pron,,datteren,NOUN,,,,,
gjøre,VERB,,gjøre,v,,hun,PRON,,,,,
dem,PRON,,dem,pron,,gefalder,NOUN,,,,,
.,PUNCT,,.,ZP,,ham,PROPN,,,,,
En,DET,,En,pron,,Strax,PROPN,,,,,
tjener,VERB,1,tjener,v,1,udkaster,VERB,,,,,
af,ADP,,af,præp,,han,PRON,,,,,
det,DET,,det,pron,,plan,NOUN,,,,,
hemmelige,ADJ,,hemmelige,adj,,til,PROPN,,,,,
politie,NOUN,,politie,NN,,berøve,PROPN,,,,,
seer,NOUN,1,seer,v,,hende,DET,,,,,
engang,ADV,,engang,adv,,uskyldighed,ADJ,,,,,
tilfældigviis,PROPN,,tilfældigviis,sb,,Nogle,PROPN,,,,,
datteren,NOUN,,datteren,propr,1,dage,NOUN,,,,,
og,CCONJ,,og,konj,,efter,ADV,,,,,
hun,PRON,,hun,pron,,indfinder,VERB,,,,,
gefalder,VERB,,gefalder,NN,1,politiebetjent,NOUN,,,,,
ham,PRON,,ham,pron,,hos,PROPN,,,,,
.,PUNCT,,.,ZP,,befaler,NOUN,,,,,
Strax,NOUN,1,Strax,NNP,1,bydende,ADJ,,,,,
udkaster,VERB,,udkaster,NN,1,tone,NOUN,,,,,
han,PRON,,han,pron,,strax,ADV,,,,,
en,DET,,en,pron,,fremstille,VERB,,,,,
plan,NOUN,,plan,sb,,for,ADP,,,,,
til,ADP,,til,præp,,Overpolitiemesteren,NOUN,,,,,
at,PART,1,at,ATI,,Darlin,PROPN,,,,,
berøve,VERB,,berøve,v,,Moder,PROPN,,,,,
hende,PRON,,hende,pron,,der,DET,,,,,
hendes,DET,,hendes,pron,,vide,ADJ,,,,,
uskyldighed,NOUN,,uskyldighed,NN,,noget,NOUN,,,,,
.,PUNCT,,.,ZP,,ondt,ADJ,,,,,
Nogle,DET,,Nogle,pron,,bevidst,ADJ,,,,,
dage,NOUN,,dage,NN,,forskrækkes,VERB,,,,,
efter,ADP,,efter,præp,,begyndelsen,NOUN,,,,,
indfinder,NOUN,1,indfinder,NN,1,fatte,ADJ,,,,,
sig,PRON,,sig,pron,,mod,PROPN,,,,,
en,DET,,en,pron,,pigen,PROPN,,,,,
politiebetjent,NOUN,,politiebetjent,NN,,gaaer,PROPN,,,,,
hos,ADP,,hos,præp,,hen,PROPN,,,,,
datteren,NOUN,,datteren,sb,,politiemesteren,NOUN,,,,,
",",PUNCT,,",",ZD,,modtager,NOUN,,,,,
og,CCONJ,,og,konj,,artig,NOUN,,,,,
befaler,VERB,,befaler,NN,1,nøder,VERB,,,,,
hende,PRON,,hende,pron,,sidde,VERB,,,,,
i,ADP,,i,præp,,ned,PROPN,,,,,
en,DET,,en,pron,,spørger,VERB,,,,,
bydende,VERB,,bydende,part,,familie-forhold,NOUN,,,,,
tone,NOUN,,tone,NN,,gjør,VERB,,,,,
",",PUNCT,,",",ZD,,slutteligen,ADJ,,,,,
strax,NOUN,1,strax,NN,1,forslag,NOUN,,,,,
at,PART,,at,ATI,,lade,VERB,,,,,
fremstille,VERB,,fremstille,v,,optage,VERB,,,,,
sig,PRON,,sig,pron,,blandt,ADJ,,,,,
for,ADP,,for,præp,,fruentimmers,NOUN,,,,,
Overpolitiemesteren,PROPN,,Overpolitiemesteren,sb,,tal,NOUN,,,,,
Darlin,PROPN,,Darlin,NNP,,staten,NOUN,,,,,
.,PUNCT,,.,ZP,,berettiger,ADJ,,,,,
Moder,NOUN,,Moder,NNP,,føre,PROPN,,,,,
og,CCONJ,,og,konj,,forbuden,ADJ,,,,,
datter,NOUN,,datter,NN,,omgang,NOUN,,,,,
",",PUNCT,,",",ZD,,med,ADV,,,,,
der,ADV,1,der,pron,,mandlige,ADJ,,,,,
ikke,ADV,,ikke,adv,,kjøn,PROPN,,,,,
vide,VERB,,vide,v,,Et,CCONJ,,,,,
sig,PRON,,sig,pron,,saadant,NOUN,,,,,
noget,PRON,,noget,pron,,sprog,NOUN,,,,,
ondt,ADV,,ondt,adj,,er,AUX,,,,,
bevidst,ADJ,,bevidst,adj,,paafaldende;,ADJ,,,,,
",",PUNCT,,",",ZD,,beder,VERB,,,,,
forskrækkes,VERB,,forskrækkes,sb,,nøiere,ADJ,,,,,
i,ADP,,i,præp,,forklaring,NOUN,,,,,
begyndelsen,NOUN,,begyndelsen,NN,,hører,VERB,,,,,
",",PUNCT,,",",ZD,,forundring,ADJ,,,,,
men,CCONJ,,men,konj,,hvor,ADV,,,,,
fatte,ADJ,1,fatte,v,,dybt,ADJ,,,,,
strax,NOUN,1,strax,NN,1,skal,VERB,,,,,
mod,ADP,1,mod,præp,1,fornedres,NOUN,,,,,
",",PUNCT,,",",ZD,,Hun,PROPN,,,,,
og,CCONJ,,og,konj,,springer,PROPN,,,,,
pigen,NOUN,,pigen,NN,,op,NOUN,,,,,
gaaer,VERB,,gaaer,v,,ude,PROPN,,,,,
hen,ADV,,hen,adv,,forskrækkelse,NOUN,,,,,
til,ADP,,til,præp,,iler,PROPN,,,,,
politiemesteren,NOUN,,politiemesteren,sb,,skjælvende,ADJ,,,,,
.,PUNCT,,.,ZP,,nogle,ADV,,,,,
Darlin,NOUN,,Darlin,NNP,,sine,PROPN,,,,,
modtager,VERB,,modtager,v,,beslægtede,ADJ,,,,,
hende,PRON,,hende,pron,,styrter,VERB,,,,,
meget,ADV,,meget,adv,,paa,PROPN,,,,,
artig,ADJ,,artig,NN,1,stoel,NOUN,,,,,
",",PUNCT,,",",ZD,,værelset,NOUN,,,,,
nøder,VERB,,nøder,v,,kan,AUX,,,,,
hende,PRON,,hende,pron,,tale,NOUN,,,,,
til,ADP,,til,præp,,graad,NOUN,,,,,
at,PART,,at,ATI,,Man,PROPN,,,,,
sidde,VERB,,sidde,v,,lader,PROPN,,,,,
ned,ADV,,ned,adv,,moderen,ADJ,,,,,
",",PUNCT,,",",ZD,,hente,PROPN,,,,,
spørger,VERB,,spørger,v,,begynder,VERB,,,,,
om,ADP,,om,præp,,fortælle,VERB,,,,,
hendes,DET,,hendes,pron,,aarsagen,NOUN,,,,,
familie-forhold,NOUN,,familie-forhold,NN,,hæftige,ADJ,,,,,
",",PUNCT,,",",ZD,,smerte,NOUN,,,,,
og,CCONJ,,og,konj,,Gode,PROPN,,,,,
gjør,NOUN,1,gjør,v,,raad,NOUN,,,,,
hende,PRON,,hende,pron,,nu,ADV,,,,,
slutteligen,ADP,1,slutteligen,NN,,dyre,ADJ,,,,,
det,DET,,det,pron,,kjendte,VERB,,,,,
forslag,NOUN,,forslag,NN,,politiets,NOUN,,,,,
at,PART,,at,ATI,,magt,NOUN,,,,,
lade,VERB,,lade,v,,Endelig,ADV,,,,,
sig,PRON,,sig,pron,,besluttede,VERB,,,,,
optage,VERB,,optage,v,,gaae,PROPN,,,,,
blandt,ADP,,blandt,præp,,besværger,VERB,,,,,
de,DET,,de,pron,,henflyder,NOUN,,,,,
fruentimmers,NOUN,,fruentimmers,NN,,taarer,NOUN,,,,,
tal,NOUN,,tal,NN,,forsikkrer,NOUN,,,,,
",",PUNCT,,",",ZD,,uskyldig,ADJ,,,,,
som,ADP,,som,pron,,fordrer,VERB,,,,,
staten,NOUN,,staten,sb,,erstatning,NOUN,,,,,
berettiger,VERB,,berettiger,NN,1,nævner,VERB,,,,,
til,ADP,,til,præp,,anden,PROPN,,,,,
at,PART,,at,ATI,,kaldet,ADJ,,,,,
føre,VERB,,føre,v,,Kautz,PROPN,,,,,
en,DET,,en,pron,,hvem,NOUN,,,,,
forbuden,ADJ,,forbuden,NN,1,havde,VERB,,,,,
omgang,NOUN,,omgang,NN,,faaet,VERB,,,,,
med,ADP,,med,præp,,andrag,PROPN,,,,,
det,DET,,det,pron,,kalde,PROPN,,,,,
mandlige,ADJ,,mandlige,adj,,foreslaae,VERB,,,,,
kjøn,NOUN,,kjøn,sb,,foranførte,VERB,,,,,
.,PUNCT,,.,ZP,,Der,DET,,,,,
Et,DET,,Et,pron,,hengaaer,VERB,,,,,
saadant,ADJ,,saadant,adj,,atter,NOUN,,,,,
sprog,NOUN,,sprog,NN,,nagende,VERB,,,,,
er,AUX,1,er,v,,kummer,PROPN,,,,,
hende,PRON,,hende,pron,,over,ADV,,,,,
paafaldende,ADJ,,paafaldende;,NN,1,denne,DET,,,,,
;,PUNCT,,,,,beskjæmmelse,ADJ,,,,,
hun,PRON,,hun,pron,,see,VERB,,,,,
beder,VERB,,beder,v,,!,PUNCT,,,,,
om,ADP,,om,præp,,bliver,NOUN,,,,,
en,DET,,en,pron,,igjen,ADV,,,,,
nøiere,ADJ,,nøiere,sb,1,fordret,ADJ,,,,,
forklaring,NOUN,,forklaring,NN,,frem,ADV,,,,,
og,CCONJ,,og,konj,,Isteden,PROPN,,,,,
hører,VERB,,hører,v,,fremstiller,VERB,,,,,
med,ADP,,med,præp,,sig;,NOUN,,,,,
forundring,NOUN,,forundring,NN,,hæftig,ADJ,,,,,
",",PUNCT,,",",ZD,,aftvinger,VERB,,,,,
hvor,ADV,,hvor,adv,,endelig,ADJ,,,,,
dybt,ADV,1,dybt,adv,1,erklæring;,NOUN,,,,,
hun,PRON,,hun,pron,,seet,VERB,,,,,
skal,AUX,,skal,v,,sildig,ADJ,,,,,
fornedres,VERB,,fornedres,NN,1,gaden,NOUN,,,,,
.,PUNCT,,.,ZP,,selskab,NOUN,,,,,
Hun,PRON,,Hun,pron,,mandsperson,PROPN,,,,,
springer,VERB,,springer,v,,Moderen,PROPN,,,,,
op,ADV,,op,adv,,aldrig,ADV,,,,,
",",PUNCT,,",",ZD,,nogensinde,ADV,,,,,
ude,ADV,,ude,adv,,veget,ADJ,,,,,
af,ADP,,af,præp,,fra,ADP,,,,,
sig,PRON,,sig,pron,,datterens,NOUN,,,,,
af,ADP,,af,præp,,side,NOUN,,,,,
forskrækkelse,NOUN,,forskrækkelse,sb,,tør,ADJ,,,,,
",",PUNCT,,",",ZD,,frygt,VERB,,,,,
iler,NOUN,1,iler,v,,politiet,NOUN,,,,,
skjælvende,VERB,,skjælvende,sb,1,erklære,VERB,,,,,
til,ADP,,til,præp,,løgner,ADJ,,,,,
nogle,PRON,,nogle,pron,,forlanger,VERB,,,,,
af,ADP,,af,præp,,confrontation,NOUN,,,,,
sine,DET,,sine,pron,,angiveren,NOUN,,,,,
beslægtede,ADJ,,beslægtede,adj,,truer,ADJ,,,,,
",",PUNCT,,",",ZD,,modsat,ADJ,,,,,
styrter,VERB,,styrter,v,,tilfælde,NOUN,,,,,
ned,ADV,,ned,adv,,justitiens,ADJ,,,,,
paa,ADP,,paa,præp,,tiltale,NOUN,,,,,
en,DET,,en,pron,,For,ADP,,,,,
stoel,NOUN,,stoel,NN,,tredie,VERB,,,,,
i,ADP,,i,præp,,endog,PROPN,,,,,
værelset,NOUN,,værelset,sb,,trudsel,ADJ,,,,,
og,CCONJ,,og,konj,,straf,NOUN,,,,,
kan,AUX,,kan,v,,hvis,NOUN,,,,,
ikke,ADV,,ikke,adv,,kommer,VERB,,,,,
tale,VERB,,tale,v,,ledsaget,VERB,,,,,
for,ADP,,for,præp,,moder,PROPN,,,,,
graad,NOUN,,graad,NN,,hvilken,ADJ,,,,,
.,PUNCT,,.,ZP,,nedbøiende,ADJ,,,,,
Man,PRON,,Man,pron,,overraskelse,NOUN,,,,,
lader,VERB,,lader,v,,finder,PROPN,,,,,
moderen,NOUN,,moderen,sb,,ved,PROPN,,,,,
hente,VERB,,hente,v,,siden,NOUN,,,,,
",",PUNCT,,",",ZD,,denuncianten,NOUN,,,,,
og,CCONJ,,og,konj,,fræk,ADJ,,,,,
datteren,NOUN,,datteren,sb,,pande,PROPN,,,,,
begynder,VERB,,begynder,v,,vidner,PROPN,,,,,
at,PART,,at,ATI,,Han,PROPN,,,,,
fortælle,VERB,,fortælle,v,,uværdig,ADJ,,,,,
hende,PRON,,hende,pron,,søn,PROPN,,,,,
aarsagen,NOUN,,aarsagen,NN,,brav,NOUN,,,,,
til,ADP,,til,præp,,borger,PROPN,,,,,
hendes,DET,,hendes,pron,,Alle,PROPN,,,,,
hæftige,ADJ,,hæftige,sb,1,høitidelige,ADJ,,,,,
smerte,NOUN,,smerte,NN,,forsikkringer,NOUN,,,,,
.,PUNCT,,.,ZP,,bønner,NOUN,,,,,
Gode,ADJ,,Gode,adj,,troværdigere,ADJ,,,,,
raad,NOUN,,raad,NN,,ere,VERB,,,,,
vare,VERB,,vare,v,,aldeles,ADV,,,,,
nu,ADV,,nu,adv,,spildte,VERB,,,,,
dyre,ADJ,,dyre,adj,,hans,PRON,,,,,
",",PUNCT,,",",ZD,,forvorpne,ADJ,,,,,
da,SCONJ,,da,konj,,leiesvends,VERB,,,,,
man,PRON,,man,pron,,hjerte,NOUN,,,,,
kjendte,VERB,,kjendte,NN,1,triumpherer,ADJ,,,,,
politiets,NOUN,,politiets,sb,,helvedes,NOUN,,,,,
magt,NOUN,,magt,adj,1,haanlatter,VERB,,,,,
.,PUNCT,,.,ZP,,moderens,PROPN,,,,,
Endelig,ADV,,Endelig,adv,,lettroenhed,NOUN,,,,,
besluttede,VERB,,besluttede,v,,blinde,ADJ,,,,,
moderen,NOUN,,moderen,v,1,tiltroe,VERB,,,,,
sig,PRON,,sig,pron,,afskediger,VERB,,,,,
til,ADP,,til,præp,,dag,NOUN,,,,,
at,PART,,at,ATI,,forventning,NOUN,,,,,
gaae,VERB,,gaae,NN,1,nærmere,ADV,,,,,
til,ADP,,til,præp,,beskeed,PROPN,,,,,
Darlin,PROPN,,Darlin,NNP,,Imidlertid,ADV,,,,,
.,PUNCT,,.,ZP,,vil,PROPN,,,,,
Hun,PRON,,Hun,pron,,families,NOUN,,,,,
besværger,VERB,,besværger,XF,1,trøstesløse,ADJ,,,,,
ham,PRON,,ham,pron,,slægtninge,NOUN,,,,,
",",PUNCT,,",",ZD,,træde,VERB,,,,,
henflyder,NOUN,1,henflyder,NN,1,imellem,ADJ,,,,,
i,ADP,,i,præp,,henvender,VERB,,,,,
taarer,NOUN,,taarer,NN,,skriftlig,ADJ,,,,,
",",PUNCT,,",",ZD,,justitsministeren,NOUN,,,,,
forsikkrer,VERB,,forsikkrer,NN,1,fyldestgjørelse,NOUN,,,,,
at,SCONJ,,at,konj,,familien,NOUN,,,,,
hendes,DET,,hendes,pron,,tilføiede,VERB,,,,,
datter,NOUN,,datter,NN,,tort,NOUN,,,,,
er,AUX,,er,v,,Men,PROPN,,,,,
uskyldig,ADJ,,uskyldig,adj,,endogsaa,PROPN,,,,,
og,CCONJ,,og,konj,,høre,VERB,,,,,
fordrer,VERB,,fordrer,NN,1,forfølgelserne,NOUN,,,,,
erstatning,NOUN,,erstatning,NN,,Ministerens,NOUN,,,,,
.,PUNCT,,.,ZP,,lange,ADJ,,,,,
Darlin,NOUN,,Darlin,NNP,,taushed,VERB,,,,,
nævner,VERB,,nævner,v,,ulykkelige,ADJ,,,,,
en,DET,,en,pron,,familie,NOUN,,,,,
anden,DET,,anden,ubestpron,,befrygte,ADJ,,,,,
politiebetjent,NOUN,,politiebetjent,NN,,slemmeste;,ADJ,,,,,
",",PUNCT,,",",ZD,,hentæres,VERB,,,,,
kaldet,VERB,,kaldet,præt,1,synlig,ADJ,,,,,
Kautz,PROPN,,Kautz,sb,,skam,NOUN,,,,,
",",PUNCT,,",",ZD,,Og,CCONJ,,,,,
af,ADP,,af,præp,,følgen,NOUN,,,,,
hvem,PRON,,hvem,pron,,deraf,PROPN,,,,,
han,PRON,,han,pron,,langvarig,ADJ,,,,,
havde,AUX,,havde,v,,langsom,ADJ,,,,,
faaet,VERB,,faaet,præt,1,tærende,ADJ,,,,,
det,DET,,det,pron,,nærvefeber,NOUN,,,,,
andrag,NOUN,,andrag,NN,,angribe,NOUN,,,,,
",",PUNCT,,",",ZD,,skrivelse,NOUN,,,,,
at,PART,,at,ATI,,ministeren,NOUN,,,,,
kalde,VERB,,kalde,v,,beslægtedes,VERB,,,,,
hendes,DET,,hendes,pron,,foreskrivning,NOUN,,,,,
datter,NOUN,,datter,NN,,heele,ADJ,,,,,
for,ADP,,for,præp,,bestaaer,ADJ,,,,,
sig,PRON,,sig,pron,,ømfindtlige,ADJ,,,,,
og,CCONJ,,og,konj,,ord,NOUN,,,,,
at,PART,,at,ATI,,ubehagelige,ADJ,,,,,
foreslaae,VERB,,foreslaae,NN,1,hændelse,NOUN,,,,,
hende,PRON,,hende,pron,,forsikkring,NOUN,,,,,
det,PRON,,det,pron,,gjerningsmændene,NOUN,,,,,
foranførte,VERB,,foranførte,sb,1,skulle,VERB,,,,,
.,PUNCT,,.,ZP,,blive,VERB,,,,,
Der,ADV,,Der,pron,,dragne,PROPN,,,,,
hengaaer,VERB,,hengaaer,NN,1,ansvar,NOUN,,,,,
atter,NOUN,1,atter,adv,,Iøvrigt,ADP,,,,,
nogle,DET,,nogle,pron,,-,PUNCT,,,,,
dage,NOUN,,dage,NN,,giver,NOUN,,,,,
i,ADP,,i,præp,,damerne,NOUN,,,,,
nagende,ADJ,,nagende,NN,,velmeente,ADJ,,,,,
kummer,NOUN,,kummer,NN,,stiltienhed,NOUN,,,,,
over,ADP,,over,præp,,gandske,PROPN,,,,,
denne,DET,,denne,pron,,forbigaae,VERB,,,,,
beskjæmmelse,NOUN,,beskjæmmelse,sb,,sagen,VERB,,,,,
",",PUNCT,,",",ZD,,undertrykke,VERB,,,,,
og,CCONJ,,og,konj,,Guds,PROPN,,,,,
see,VERB,,see,NN,1,skee,PROPN,,,,,
!,PUNCT,,!,ZP,,lov,NOUN,,,,,
da,ADV,,da,adv,,Aaret,PROPN,,,,,
bliver,AUX,,bliver,v,,1813,NUM,,,,,
datteren,NOUN,,datteren,præt,1,gjorde,VERB,,,,,
igjen,NOUN,1,igjen,NN,1,ende,VERB,,,,,
fordret,VERB,,fordret,NN,1,dette,DET,,,,,
frem,ADV,,frem,adv,,uvæsen,ADJ,,,,,
for,ADP,,for,præp,,Tydskland,PROPN,,,,,
Kautz,PROPN,,Kautz,sb,,,,,,,,
.,PUNCT,,.,ZP,,,,,,,,
Isteden,NOUN,1,Isteden,NNP,1,,,,,,,
for,ADP,,for,konj,1,,,,,,,
hende,PRON,,hende,pron,,,,,,,,
fremstiller,VERB,,fremstiller,v,,,,,,,,
moderen,NOUN,,moderen,sb,,,,,,,,
sig,PRON,,sig;,NN,1,,,,,,,
;,PUNCT,,,,,,,,,,,
hun,PRON,,hun,pron,,,,,,,,
bliver,AUX,1,bliver,v,,,,,,,,
hæftig,ADJ,,hæftig,præt,1,,,,,,,
",",PUNCT,,",",ZD,,,,,,,,
og,CCONJ,,og,konj,,,,,,,,
aftvinger,VERB,,aftvinger,NN,1,,,,,,,
ham,PRON,,ham,pron,,,,,,,,
endelig,ADV,,endelig,adv,,,,,,,,
den,DET,,den,pron,,,,,,,,
erklæring,NOUN,,erklæring;,sb,,,,,,,,
;,PUNCT,,,,,,,,,,,
man,PRON,,man,pron,,,,,,,,
havde,VERB,,havde,v,,,,,,,,
seet,VERB,,seet,præt,1,,,,,,,
hendes,DET,,hendes,pron,,,,,,,,
datter,NOUN,,datter,NN,,,,,,,,
sildig,ADJ,,sildig,NN,1,,,,,,,
paa,ADP,,paa,præp,,,,,,,,
gaden,NOUN,,gaden,NN,,,,,,,,
",",PUNCT,,",",ZD,,,,,,,,
og,CCONJ,,og,konj,,,,,,,,
i,ADP,,i,præp,,,,,,,,
selskab,NOUN,,selskab,NN,,,,,,,,
med,ADP,,med,præp,,,,,,,,
en,DET,,en,pron,,,,,,,,
mandsperson,NOUN,,mandsperson,sb,,,,,,,,
.,PUNCT,,.,ZP,,,,,,,,
Moderen,NOUN,,Moderen,sb,,,,,,,,
",",PUNCT,,",",ZD,,,,,,,,
der,ADV,1,der,pron,,,,,,,,
aldrig,ADV,,aldrig,adv,,,,,,,,
nogensinde,ADV,,nogensinde,adv,,,,,,,,
havde,AUX,,havde,v,,,,,,,,
veget,VERB,,veget,NN,1,,,,,,,
fra,ADP,,fra,præp,,,,,,,,
datterens,NOUN,,datterens,NN,,,,,,,,
side,NOUN,,side,NN,,,,,,,,
",",PUNCT,,",",ZD,,,,,,,,
tør,VERB,,tør,v,,,,,,,,
ikke,ADV,,ikke,adv,,,,,,,,
",",PUNCT,,",",ZD,,,,,,,,
af,ADP,,af,præp,,,,,,,,
frygt,NOUN,,frygt,præt,1,,,,,,,
for,ADP,,for,præp,,,,,,,,
politiet,NOUN,,politiet,NN,,,,,,,,
erklære,VERB,,erklære,v,,,,,,,,
Kautz,PROPN,,Kautz,sb,,,,,,,,
for,ADP,,for,præp,,,,,,,,
løgner,NOUN,,løgner,sb,,,,,,,,
",",PUNCT,,",",ZD,,,,,,,,
men,CCONJ,,men,konj,,,,,,,,
forlanger,VERB,,forlanger,v,,,,,,,,
confrontation,NOUN,,confrontation,NN,,,,,,,,
med,ADP,,med,præp,,,,,,,,
angiveren,NOUN,,angiveren,sb,,,,,,,,
og,CCONJ,,og,konj,,,,,,,,
truer,VERB,,truer,v,,,,,,,,
i,ADP,,i,præp,,,,,,,,
modsat,ADJ,,modsat,adv,,,,,,,,
tilfælde,NOUN,,tilfælde,sb,,,,,,,,
med,ADP,,med,præp,,,,,,,,
justitiens,NOUN,,justitiens,sb,,,,,,,,
tiltale,ADJ,,tiltale,NN,,,,,,,,
.,PUNCT,,.,ZP,,,,,,,,
For,CCONJ,,For,præp,,,,,,,,
tredie,ADJ,,tredie,num,,,,,,,,
gang,NOUN,,gang,NN,,,,,,,,
bliver,AUX,,bliver,v,,,,,,,,
datteren,NOUN,,datteren,præt,,,,,,,,
kaldet,VERB,,kaldet,præt,,,,,,,,
frem,ADV,,frem,adv,,,,,,,,
og,CCONJ,,og,konj,,,,,,,,
og,CCONJ,,og,konj,,,,,,,,
det,PRON,,det,pron,,,,,,,,
endog,ADV,,endog,adv,,,,,,,,
under,ADP,,under,præp,,,,,,,,
trudsel,NOUN,,trudsel,NN,,,,,,,,
om,ADP,,om,præp,,,,,,,,
straf,PROPN,,straf,NN,,,,,,,,
",",PUNCT,,",",ZD,,,,,,,,
hvis,SCONJ,,hvis,konj,,,,,,,,
hun,PRON,,hun,pron,,,,,,,,
ikke,ADV,,ikke,adv,,,,,,,,
fremstiller,VERB,,fremstiller,v,,,,,,,,
sig,PRON,,sig,pron,,,,,,,,
.,PUNCT,,.,ZP,,,,,,,,
Hun,PRON,,Hun,pron,,,,,,,,
kommer,VERB,,kommer,v,,,,,,,,
",",PUNCT,,",",ZD,,,,,,,,
ledsaget,VERB,,ledsaget,præt,,,,,,,,
at,SCONJ,,at,konj,,,,,,,,
hendes,DET,,hendes,pron,,,,,,,,
moder,NOUN,,moder,NN,,,,,,,,
",",PUNCT,,",",ZD,,,,,,,,
hvilken,PRON,,hvilken,pron,,,,,,,,
nedbøiende,ADJ,,nedbøiende,sb,,,,,,,,
overraskelse,NOUN,,overraskelse,NN,,,,,,,,
!,PUNCT,,!,ZP,,,,,,,,
Hun,PRON,,Hun,pron,,,,,,,,
finder,VERB,,finder,v,,,,,,,,
Kautz,PROPN,,Kautz,sb,,,,,,,,
",",PUNCT,,",",ZD,,,,,,,,
og,CCONJ,,og,konj,,,,,,,,
ved,ADP,,ved,v,,,,,,,,
siden,NOUN,,siden,adv,,,,,,,,
af,ADP,,af,præp,,,,,,,,
ham,PRON,,ham,pron,,,,,,,,
denuncianten,NOUN,,denuncianten,NN,,,,,,,,
",",PUNCT,,",",ZD,,,,,,,,
der,ADV,,der,pron,,,,,,,,
med,ADP,,med,præp,,,,,,,,
fræk,NOUN,,fræk,adj,,,,,,,,
pande,VERB,,pande,NN,,,,,,,,
vidner,NOUN,,vidner,v,,,,,,,,
mod,ADP,,mod,præp,,,,,,,,
datteren,NOUN,,datteren,sb,,,,,,,,
.,PUNCT,,.,ZP,,,,,,,,
Han,PRON,,Han,pron,,,,,,,,
var,AUX,,var,v,,,,,,,,
en,DET,,en,pron,,,,,,,,
uværdig,ADJ,,uværdig,adj,,,,,,,,
søn,NOUN,,søn,sb,,,,,,,,
af,ADP,,af,præp,,,,,,,,
en,DET,,en,pron,,,,,,,,
brav,NOUN,,brav,NN,,,,,,,,
borger,NOUN,,borger,NN,,,,,,,,
i,ADP,,i,præp,,,,,,,,
Cassel,PROPN,,Cassel,NNP,,,,,,,,
.,PUNCT,,.,ZP,,,,,,,,
Alle,ADJ,,Alle,pron,,,,,,,,
de,DET,,de,pron,,,,,,,,
høitidelige,ADJ,,høitidelige,sb,,,,,,,,
forsikkringer,NOUN,,forsikkringer,NN,,,,,,,,
",",PUNCT,,",",ZD,,,,,,,,
bønner,NOUN,,bønner,sb,,,,,,,,
",",PUNCT,,",",ZD,,,,,,,,
og,CCONJ,,og,konj,,,,,,,,
taarer,VERB,,taarer,NN,,,,,,,,
af,ADP,,af,præp,,,,,,,,
troværdigere,NOUN,,troværdigere,sb,,,,,,,,
vidner,NOUN,,vidner,v,,,,,,,,
",",PUNCT,,",",ZD,,,,,,,,
ere,ADV,,ere,ENDING,,,,,,,,
aldeles,ADV,,aldeles,adv,,,,,,,,
spildte,VERB,,spildte,NN,,,,,,,,
paa,PROPN,,paa,præp,,,,,,,,
Kautz,PROPN,,Kautz,sb,,,,,,,,
og,CCONJ,,og,konj,,,,,,,,
hans,PRON,,hans,pron,,,,,,,,
forvorpne,PROPN,,forvorpne,NN,,,,,,,,
leiesvends,PROPN,,leiesvends,NN,,,,,,,,
hjerte,NOUN,,hjerte,NN,,,,,,,,
.,PUNCT,,.,ZP,,,,,,,,
Kautz,PROPN,,Kautz,sb,,,,,,,,
triumpherer,VERB,,triumpherer,NN,,,,,,,,
med,ADP,,med,præp,,,,,,,,
en,DET,,en,pron,,,,,,,,
helvedes,NOUN,,helvedes,NN,,,,,,,,
haanlatter,NOUN,,haanlatter,sb,,,,,,,,
over,ADP,,over,præp,,,,,,,,
moderens,NOUN,,moderens,NN,,,,,,,,
lettroenhed,NOUN,,lettroenhed,NN,,,,,,,,
og,CCONJ,,og,konj,,,,,,,,
blinde,ADJ,,blinde,adj,,,,,,,,
tiltroe,NOUN,,tiltroe,sb,,,,,,,,
og,CCONJ,,og,konj,,,,,,,,
afskediger,VERB,,afskediger,v,,,,,,,,
hende,PRON,,hende,pron,,,,,,,,
for,ADP,,for,præp,,,,,,,,
i,ADP,,i,præp,,,,,,,,
dag,NOUN,,dag,NN,,,,,,,,
",",PUNCT,,",",ZD,,,,,,,,
i,ADP,,i,præp,,,,,,,,
forventning,NOUN,,forventning,NN,,,,,,,,
om,ADP,,om,præp,,,,,,,,
nærmere,ADV,,nærmere,adv,,,,,,,,
beskeed,ADJ,,beskeed,NN,,,,,,,,
.,PUNCT,,.,ZP,,,,,,,,
Imidlertid,ADV,,Imidlertid,adv,,,,,,,,
vil,AUX,,vil,v,,,,,,,,
en,PRON,,en,pron,,,,,,,,
af,ADP,,af,præp,,,,,,,,
denne,DET,,denne,pron,,,,,,,,
families,NOUN,,families,NN,,,,,,,,
trøstesløse,ADJ,,trøstesløse,adj,,,,,,,,
slægtninge,ADJ,,slægtninge,sb,,,,,,,,
træde,NOUN,,træde,v,,,,,,,,
imellem,ADV,,imellem,adv,,,,,,,,
",",PUNCT,,",",ZD,,,,,,,,
henvender,VERB,,henvender,v,,,,,,,,
sig,PRON,,sig,pron,,,,,,,,
skriftlig,ADV,,skriftlig,adj,,,,,,,,
til,ADP,,til,præp,,,,,,,,
justitsministeren,NOUN,,justitsministeren,sb,,,,,,,,
og,CCONJ,,og,konj,,,,,,,,
beder,NOUN,,beder,v,,,,,,,,
og,CCONJ,,og,konj,,,,,,,,
fyldestgjørelse,NOUN,,fyldestgjørelse,v,,,,,,,,
for,ADP,,for,præp,,,,,,,,
den,DET,,den,pron,,,,,,,,
familien,NOUN,,familien,NN,,,,,,,,
tilføiede,VERB,,tilføiede,sb,,,,,,,,
tort,NOUN,,tort,NN,,,,,,,,
.,PUNCT,,.,ZP,,,,,,,,
Men,CCONJ,,Men,konj,,,,,,,,
endogsaa,ADV,,endogsaa,adv,,,,,,,,
nu,ADV,,nu,adv,,,,,,,,
høre,VERB,,høre,v,,,,,,,,
ikke,ADV,,ikke,adv,,,,,,,,
forfølgelserne,NOUN,,forfølgelserne,v,,,,,,,,
op,ADV,,op,adv,,,,,,,,
.,PUNCT,,.,ZP,,,,,,,,
Ministerens,PROPN,,Ministerens,sb,,,,,,,,
lange,ADJ,,lange,adj,,,,,,,,
taushed,NOUN,,taushed,NN,,,,,,,,
lader,VERB,,lader,v,,,,,,,,
den,DET,,den,pron,,,,,,,,
ulykkelige,ADJ,,ulykkelige,adj,,,,,,,,
familie,NOUN,,familie,NN,,,,,,,,
befrygte,VERB,,befrygte,NN,,,,,,,,
det,DET,,det,pron,,,,,,,,
slemmeste,ADJ,,slemmeste;,NN,,,,,,,,
;,PUNCT,,moder,NN,,,,,,,,
moder,NOUN,,og,konj,,,,,,,,
og,CCONJ,,datter,NN,,,,,,,,
datter,NOUN,,hentæres,sb,,,,,,,,
hentæres,VERB,,synlig,adj,,,,,,,,
synlig,ADJ,,af,præp,,,,,,,,
af,ADP,,skam,adv,,,,,,,,
skam,NOUN,,og,konj,,,,,,,,
og,CCONJ,,kummer,NN,,,,,,,,
kummer,NOUN,,.,ZP,,,,,,,,
.,PUNCT,,Og,konj,,,,,,,,
Og,CCONJ,,følgen,sb,,,,,,,,
følgen,NOUN,,deraf,adv,,,,,,,,
deraf,NOUN,,er,v,,,,,,,,
er,AUX,,en,pron,,,,,,,,
en,DET,,langvarig,adj,,,,,,,,
langvarig,ADJ,,",",ZD,,,,,,,,
",",PUNCT,,langsom,adj,,,,,,,,
langsom,ADJ,,tærende,præp,,,,,,,,
tærende,VERB,,nærvefeber,sb,,,,,,,,
nærvefeber,NOUN,,der,pron,,,,,,,,
der,ADV,,angribe,v,,,,,,,,
angribe,VERB,,begge,pron,,,,,,,,
begge,PRON,,.,ZP,,,,,,,,
.,PUNCT,,Endelig,adv,,,,,,,,
Endelig,ADV,,kommer,v,,,,,,,,
kommer,VERB,,en,pron,,,,,,,,
en,DET,,skrivelse,NN,,,,,,,,
skrivelse,NOUN,,fra,præp,,,,,,,,
fra,ADP,,ministeren,sb,,,,,,,,
ministeren,NOUN,,",",ZD,,,,,,,,
",",PUNCT,,paa,præp,,,,,,,,
paa,ADP,,hendes,pron,,,,,,,,
hendes,DET,,beslægtedes,XF,,,,,,,,
beslægtedes,NOUN,,foreskrivning,NN,,,,,,,,
foreskrivning,NOUN,,",",ZD,,,,,,,,
",",PUNCT,,og,konj,,,,,,,,
og,CCONJ,,den,pron,,,,,,,,
den,DET,,heele,NN,,,,,,,,
heele,ADJ,,fyldestgjørelse,sb,,,,,,,,
fyldestgjørelse,NOUN,,bestaaer,NN,,,,,,,,
bestaaer,NOUN,,i,præp,,,,,,,,
i,ADP,,nogle,pron,,,,,,,,
nogle,DET,,ømfindtlige,adj,,,,,,,,
ømfindtlige,ADJ,,ord,NN,,,,,,,,
ord,NOUN,,over,præp,,,,,,,,
over,ADP,,denne,pron,,,,,,,,
denne,DET,,ubehagelige,adj,,,,,,,,
ubehagelige,ADJ,,hændelse,sb,,,,,,,,
hændelse,NOUN,,",",ZD,,,,,,,,
",",PUNCT,,og,konj,,,,,,,,
og,CCONJ,,i,præp,,,,,,,,
i,ADP,,den,pron,,,,,,,,
den,DET,,forsikkring,NN,,,,,,,,
forsikkring,NOUN,,at,konj,,,,,,,,
at,PART,,gjerningsmændene,sb,,,,,,,,
gjerningsmændene,NOUN,,skulle,v,,,,,,,,
skulle,AUX,,blive,v,,,,,,,,
blive,AUX,,dragne,NN,,,,,,,,
dragne,VERB,,til,præp,,,,,,,,
til,ADP,,ansvar,NN,,,,,,,,
ansvar,NOUN,,.,ZP,,,,,,,,
.,PUNCT,,Iøvrigt,sb,,,,,,,,
Iøvrigt,ADV,,-,ZH,,,,,,,,
-,PUNCT,,saa,adv,,,,,,,,
saa,NOUN,,heed,NN,,,,,,,,
heed,PROPN,,det,pron,,,,,,,,
det,PRON,,-,ZH,,,,,,,,
-,PUNCT,,giver,v,,,,,,,,
giver,VERB,,man,pron,,,,,,,,
man,PRON,,begge,pron,,,,,,,,
begge,PRON,,damerne,v,,,,,,,,
damerne,NOUN,,det,pron,,,,,,,,
det,DET,,velmeente,adj,,,,,,,,
velmeente,ADJ,,raad,NN,,,,,,,,
raad,NOUN,,",",ZD,,,,,,,,
",",PUNCT,,med,præp,,,,,,,,
med,ADP,,stiltienhed,NN,,,,,,,,
stiltienhed,NOUN,,gandske,adj,,,,,,,,
gandske,ADJ,,at,ATI,,,,,,,,
at,SCONJ,,forbigaae,NN,,,,,,,,
forbigaae,VERB,,sagen,NN,,,,,,,,
sagen,NOUN,,og,konj,,,,,,,,
og,CCONJ,,undertrykke,NN,,,,,,,,
undertrykke,VERB,,den,pron,,,,,,,,
den,PRON,,.,ZP,,,,,,,,
.,PUNCT,,Guds,sb,,,,,,,,
Guds,NOUN,,skee,NN,,,,,,,,
skee,ADJ,,lov,v,,,,,,,,
lov,NOUN,,!,ZP,,,,,,,,
!,PUNCT,,Aaret,sb,,,,,,,,
Aaret,VERB,,1813,num,,,,,,,,
1813,NUM,,gjorde,v,,,,,,,,
gjorde,VERB,,gandske,adv,,,,,,,,
gandske,ADJ,,ende,v,,,,,,,,
ende,NOUN,,paa,præp,,,,,,,,
paa,ADP,,dette,pron,,,,,,,,
dette,DET,,franske,adj,,,,,,,,
franske,ADJ,,uvæsen,sb,,,,,,,,
uvæsen,NOUN,,i,præp,,,,,,,,
i,ADP,,Tydskland,propr,,,,,,,,
Tydskland,PROPN,,.,ZP,,,,,,,,
.,PUNCT,,,,,,,,,,,